{
  "initial_equity": 10000000.0,
  "final_equity": 7263615.184916059,
  "total_return": -0.2736384815083941,
  "mdd": -0.39075651532311473
}