{
  "total_return": 0.9042893170664124,
  "mdd": -0.11098681265450445,
  "trades": 77
}