{
  "initial_equity": 10000000.0,
  "final_equity": 19016035.04641551,
  "total_return": 0.9016035046415511,
  "mdd": -0.11110862166689928
}