{
  "total_return": 0.9042932814748128,
  "mdd": -0.11098701318910163,
  "trades": 77
}