{
  "initial_equity": 1000000.0,
  "final_equity": 699161.8177819685,
  "total_return": -0.3008381822180315,
  "mdd": -0.5124174330156203
}