{
  "initial_equity": 1000000.0,
  "final_equity": 695658.4586153616,
  "total_return": -0.3043415413846384,
  "mdd": -0.5124104060733174
}