{
  "initial_equity": 1000000.0,
  "final_equity": 948635.1337621945,
  "total_return": -0.05136486623780545,
  "mdd": -0.23359540081664365
}