{
  "initial_equity": 1000000.0,
  "final_equity": 966285.320121155,
  "total_return": -0.03371467987884502,
  "mdd": -0.22723590515286174
}