{
  "initial_equity": 1000000.0,
  "final_equity": 1077280.338075,
  "total_return": 0.07728033807500001,
  "mdd": -0.117242569851852
}