{
  "initial_equity": 1000000.0,
  "final_equity": 1077278.9848500001,
  "total_return": 0.07727898485000018,
  "mdd": -0.11724382570975211
}