{
  "initial_equity": 1000000.0,
  "final_equity": 779867.7025701742,
  "total_return": -0.22013229742982576,
  "mdd": -0.4694877797450209
}