{
  "initial_equity": 1000000.0,
  "final_equity": 2012304.5246262504,
  "total_return": 1.0123045246262503,
  "mdd": -0.14490847002029772
}