{
  "initial_equity": 1000000.0,
  "final_equity": 2012244.9534913674,
  "total_return": 1.0122449534913676,
  "mdd": -0.14490405837135478
}