{
  "initial_equity": 1000000.0,
  "final_equity": 901377.0262756903,
  "total_return": -0.09862297372430973,
  "mdd": -0.2739779750814698
}