{
  "initial_equity": 1000000.0,
  "final_equity": 2012248.7790163672,
  "total_return": 1.012248779016367,
  "mdd": -0.14490395438172887
}