{
  "initial_equity": 1000000.0,
  "final_equity": 695659.3918153615,
  "total_return": -0.3043406081846386,
  "mdd": -0.512409760999929
}