{
  "initial_equity": 1000000.0,
  "final_equity": 699166.6052819686,
  "total_return": -0.3008333947180314,
  "mdd": -0.5124156677262195
}