{
  "initial_equity": 1000000.0,
  "final_equity": 973299.4660685032,
  "total_return": -0.02670053393149674,
  "mdd": -0.23001764740046327
}