{
  "initial_equity": 1000000.0,
  "final_equity": 942862.6998157458,
  "total_return": -0.057137300184254225,
  "mdd": -0.24647796177617987
}