{
  "initial_equity": 1000000.0,
  "final_equity": 1984946.5498564066,
  "total_return": 0.9849465498564067,
  "mdd": -0.14614210488055956
}