{
  "initial_equity": 1000000.0,
  "final_equity": 2655571.4558649985,
  "total_return": 1.6555714558649983,
  "mdd": -0.3560456926925524
}