{
  "initial_equity": 1000000.0,
  "final_equity": 1077277.5610850002,
  "total_return": 0.07727756108500028,
  "mdd": -0.11724396133730308
}