{
  "initial_equity": 10000000.0,
  "final_equity": 7610741.871839021,
  "total_return": -0.23892581281609782,
  "mdd": -0.47818301445430644
}