{
  "initial_equity": 1000000.0,
  "final_equity": 789283.4695435489,
  "total_return": -0.2107165304564511,
  "mdd": -0.4636570192237479
}